{
  "video": {
    "sites": [
      {
        "key": "kunyu77",
        "name": "七七",
        "type": 3,
        "api": "assets://js/kunyu77_open.js"
      },
      {
        "key": "ikanbot",
        "name": "爱看",
        "type": 3,
        "api": "assets://js/ikanbot_open.js"
      },
      {
        "key": "czzy",
        "name": "厂长",
        "type": 3,
        "api": "assets://js/czzy_open.js"
      },
      {
        "key": "kkys",
        "name": "看看",
        "type": 3,
        "api": "assets://js/kkys_open.js"
      },
      {
        "key": "duboku",
        "name": "独播✈",
        "type": 3,
        "api": "assets://js/duboku_open.js"
      },
      {
        "key": "nivod",
        "name": "泥巴✈",
        "type": 3,
        "api": "assets://js/nivod_op.js",
        "ext": "888解忧愁"
      },
      {
        "key": "wogg",
        "name": "玩偶",
        "type": 3,
        "api": "assets://js/wogg.js",
        "ext": "http://192.168.50.60:4567/ali/token/433ff0529f3e4981b61f434762959679"
      },
      {
        "key": "xiaoya-tv",
        "name": "小雅",
        "type": 3,
        "api": "assets://js/xiaoya.js",
        "ext": "http://192.168.50.60:4567/vod1"
      },
      {
        "key": "bilibili",
        "name": "BiliBili",
        "type": 3,
        "api": "assets://js/bilibili.js",
        "ext": "http://192.168.50.60:4567/bilibili"
      }
    ]
  },
  "pan": {
    "sites": [
      {
        "key": "alist",
        "name": "Alist",
        "type": 40,
        "api": "assets://js/alist_open.js",
        "ext": [
          {
            "name": "小雅",
            "server": "http://192.168.50.60:5344",
            "startPage": "/",
            "showAll": false,
            "search": true,
            "headers": {
              "Authorization": ""
            },
            "params": {
              "/abc": {
                "password": "123"
              },
              "/abc/abc": {
                "password": "123"
              }
            }
          },
          {
            "name": "一只鱼",
            "server": "https://alist.youte.ml"
          },
          {
            "name": "七米蓝",
            "server": "https://al.chirmyram.com"
          },
          {
            "name": "神族九帝",
            "server": "https://alist.shenzjd.com"
          },
          {
            "name": "姬路白雪",
            "server": "https://pan.jlbx.xyz"
          },
          {
            "name": "星梦",
            "server": "https://pan.bashroot.top"
          },
          {
            "name": "repl",
            "server": "https://ali.liucn.repl.co"
          },
          {
            "name": "讯维云盘",
            "server": "https://pan.xwbeta.com"
          }
        ]
      }
    ]
  }
}
